,Unnamed: 0,tilesNumber,all_returns_density,last_returns_density ,all_returns_spacing,last_returns_spacing
count,55.0,55.0,55.0,55.0,55.0,55.0
mean,28.0,28.0,3.2747272727272723,2.932,0.5681818181818182,0.5985454545454545
std,16.020819787597222,16.020819787597222,0.8556670660637395,0.7172720956926034,0.08135634713318451,0.081659142098209
min,1.0,1.0,1.41,1.3,0.45,0.47
25%,14.5,14.5,2.575,2.315,0.51,0.53
50%,28.0,28.0,3.41,2.96,0.54,0.58
75%,41.5,41.5,3.86,3.56,0.62,0.66
max,55.0,55.0,4.93,4.47,0.84,0.88
